"Gemeentecode","Gemeentenaam","Inwonertal","02-27-2020","02-28-2020","02-29-2020","03-01-2020","03-02-2020","03-03-2020","03-04-2020","03-05-2020","03-06-2020","03-07-2020","03-08-2020","03-09-2020","03-10-2020","03-11-2020","03-12-2020","03-13-2020","03-14-2020","03-15-2020","03-16-2020","03-17-2020","03-18-2020","03-19-2020","03-20-2020","03-21-2020","03-22-2020","03-23-2020","03-24-2020","03-25-2020","03-26-2020","03-27-2020","03-28-2020"
3,"Appingedam",11721,0,0,0,0,0,0,0,0,0,0,0,0,0,0,0,0,0,0,0,0,0,0,0,0,0,0,0,0,0,1,1
10,"Delfzijl",24716,0,0,0,0,0,0,0,0,0,0,0,0,0,0,0,0,0,0,0,0,0,0,0,0,0,1,1,1,2,4,7
14,"Groningen",231299,0,0,0,0,0,0,0,0,0,0,0,0,0,0,2,3,6,6,7,7,11,23,28,39,46,53,53,58,76,80,85
24,"Loppersum",9614,0,0,0,0,0,0,0,0,0,0,0,0,0,0,0,0,0,0,0,0,0,0,0,0,0,0,0,0,1,1,1
34,"Almere",207904,0,0,0,0,0,0,0,1,1,1,1,1,1,1,1,1,2,2,3,3,4,5,5,11,14,18,21,28,32,39,48
37,"Stadskanaal",31789,0,0,0,0,0,0,0,0,0,0,0,0,0,0,0,0,0,0,0,0,0,0,0,0,0,0,0,0,1,1,1
47,"Veendam",27491,0,0,0,0,0,0,0,0,0,0,0,0,0,0,0,0,0,0,0,0,0,0,0,0,0,0,0,1,1,1,2
50,"Zeewolde",22309,0,0,0,0,0,0,1,1,1,1,1,1,1,1,1,1,2,2,2,2,3,3,4,4,4,4,4,5,6,7,7
59,"Achtkarspelen",27852,0,0,0,0,0,0,0,0,0,0,0,0,0,0,0,0,0,0,0,0,0,0,0,0,0,0,0,1,1,2,2
60,"Ameland",3673,0,0,0,0,0,0,0,0,0,0,0,0,0,0,0,0,0,0,0,0,0,0,0,0,0,0,0,0,0,0,0
72,"Harlingen",15758,0,0,0,0,0,0,0,0,0,0,0,0,0,0,0,0,0,0,1,1,1,1,1,3,3,3,3,3,3,3,3
74,"Heerenveen",50257,0,0,0,0,0,0,0,0,0,0,0,0,0,0,0,0,0,0,0,0,0,0,1,2,2,3,3,3,4,5,7
80,"Leeuwarden",123107,0,0,0,0,0,0,0,0,0,0,0,0,0,0,1,1,1,1,2,3,4,5,5,8,8,10,10,12,15,19,20
85,"Ooststellingwerf",25497,0,0,0,0,0,0,0,0,0,0,0,0,0,0,0,0,0,0,0,0,0,0,0,0,0,0,0,1,1,1,1
86,"Opsterland",29723,0,0,0,0,0,0,0,0,0,0,0,0,2,2,2,2,2,2,2,2,2,2,2,2,2,3,3,4,5,6,6
88,"Schiermonnikoog",936,0,0,0,0,0,0,0,0,0,0,0,0,0,0,0,0,0,0,0,0,0,0,0,0,0,0,0,0,0,0,0
90,"Smallingerland",55938,0,0,0,0,0,0,0,0,0,0,0,0,0,1,1,1,2,3,3,3,3,3,3,3,3,3,3,4,5,5,7
93,"Terschelling",4890,0,0,0,0,0,0,0,0,0,0,0,0,0,0,0,0,0,0,0,0,0,0,0,0,0,0,0,0,0,0,0
96,"Vlieland",1138,0,0,0,0,0,0,0,0,0,0,0,0,0,0,0,0,0,0,0,0,0,0,0,0,0,0,0,0,0,0,0
98,"Weststellingwerf",25840,0,0,0,0,0,0,0,0,0,0,0,0,0,0,0,0,0,0,0,0,0,0,0,1,1,1,1,1,2,2,2
106,"Assen",67963,0,0,0,0,0,0,0,0,0,0,0,0,0,0,0,0,0,0,0,0,0,0,1,1,2,4,5,5,7,8,10
109,"Coevorden",35483,0,0,0,1,2,2,2,3,3,7,7,9,11,11,11,11,11,11,11,11,12,12,13,14,14,14,15,15,17,17,20
114,"Emmen",107113,0,0,0,0,0,0,0,0,0,1,1,1,1,1,1,1,1,1,1,1,2,3,4,4,4,6,7,8,8,10,12
118,"Hoogeveen",55662,0,0,0,0,0,0,0,0,0,0,0,0,0,0,1,1,2,2,2,2,3,3,4,5,5,5,6,7,7,8,9
119,"Meppel",33564,0,0,0,0,0,0,0,0,0,0,0,0,0,0,0,0,0,0,0,0,0,0,1,1,1,3,3,3,3,4,6
141,"Almelo",72849,0,0,0,0,0,0,0,0,0,1,1,1,1,1,1,1,1,1,1,1,1,2,3,4,5,7,8,10,12,14,15
147,"Borne",23210,0,0,0,0,0,0,1,1,1,4,4,4,4,3,2,3,3,3,3,3,3,3,3,4,5,7,8,11,12,13,15
148,"Dalfsen",28499,0,0,0,0,0,0,0,0,0,0,0,0,0,0,0,0,0,1,1,1,1,1,4,5,8,9,11,12,13,14,15
150,"Deventer",99957,0,0,0,0,0,0,0,0,0,0,0,0,0,0,0,0,0,1,2,4,5,5,7,16,16,17,20,26,30,33,45
153,"Enschede",158986,0,0,0,0,0,0,0,0,0,0,0,0,0,1,3,3,3,3,3,3,4,7,8,16,18,20,20,26,34,45,49
158,"Haaksbergen",24277,0,0,0,0,0,0,0,0,0,0,0,0,0,0,0,0,0,1,1,1,1,1,1,1,3,3,3,3,4,6,9
160,"Hardenberg",60574,0,0,0,0,0,0,0,0,0,0,0,0,0,0,0,0,0,0,0,0,0,0,1,3,3,4,6,7,9,11,16
163,"Hellendoorn",35808,0,0,0,0,0,0,0,0,0,2,2,2,2,2,2,2,2,2,2,2,2,2,2,3,4,5,6,7,7,8,10
164,"Hengelo (O)",80683,0,0,0,0,0,0,0,0,0,0,0,0,0,0,1,1,1,1,3,3,4,4,5,13,15,15,16,17,21,23,25
166,"Kampen",53779,0,0,0,0,0,0,0,0,0,0,0,0,0,0,0,0,0,0,0,1,2,2,5,12,14,17,20,30,41,45,55
168,"Losser",22622,0,0,0,0,0,0,0,0,0,0,0,0,0,0,0,0,0,0,0,0,0,0,0,1,1,1,1,1,1,1,1
171,"Noordoostpolder",46849,0,0,0,0,0,0,0,0,0,0,0,0,0,0,0,0,2,2,2,2,2,2,2,3,3,3,4,5,8,10,10
173,"Oldenzaal",31840,0,0,0,0,0,0,0,0,0,0,0,0,0,0,0,0,1,1,1,1,2,3,5,6,6,6,8,13,15,17,18
175,"Ommen",17813,0,0,0,0,0,0,0,0,0,0,0,0,0,0,0,0,1,1,1,1,2,2,3,4,4,6,6,7,7,7,10
177,"Raalte",37511,0,0,0,0,0,0,0,0,0,0,0,0,0,0,1,1,1,1,2,3,3,3,3,3,5,5,6,10,12,13,15
180,"Staphorst",17003,0,0,0,0,0,0,0,0,0,0,0,0,0,0,1,1,1,1,1,1,1,2,3,3,3,4,4,4,4,5,5
183,"Tubbergen",21276,0,0,0,0,0,0,0,0,0,0,0,1,1,1,1,1,1,1,1,1,1,3,3,3,3,4,4,4,9,11,12
184,"Urk",20776,0,0,0,0,0,0,0,0,0,0,0,0,0,0,0,0,0,0,0,0,1,4,5,6,7,7,7,7,8,9,10
189,"Wierden",24351,0,0,0,0,0,0,0,0,0,0,0,0,0,0,0,0,0,0,0,0,0,0,0,0,0,0,0,1,2,4,7
193,"Zwolle",127497,0,0,0,0,0,0,0,0,0,0,1,1,1,2,3,2,3,4,6,8,12,16,18,23,28,35,40,47,56,63,68
197,"Aalten",27011,0,0,0,0,0,0,0,0,0,0,0,0,0,0,0,0,0,0,0,0,0,0,1,1,1,1,1,2,2,3,3
200,"Apeldoorn",162445,0,0,0,0,0,0,0,0,0,0,0,0,0,1,2,2,3,3,7,7,10,11,13,16,17,26,29,34,39,49,52
202,"Arnhem",159265,0,0,0,0,0,0,0,1,1,1,3,2,2,3,4,4,4,7,7,8,9,10,13,15,16,20,23,25,34,46,52
203,"Barneveld",57971,0,0,0,0,0,0,0,0,0,0,0,0,0,0,0,0,0,2,3,4,5,6,8,8,9,10,12,13,13,17,19
209,"Beuningen",25882,0,0,0,0,0,0,0,1,1,1,3,3,3,3,3,3,4,4,5,6,6,6,8,9,11,12,13,15,15,16,18
213,"Brummen",20698,0,0,0,0,0,0,0,0,0,0,0,0,0,0,0,0,0,0,0,0,0,1,1,1,1,4,4,4,4,5,5
214,"Buren",26568,0,0,0,0,0,0,0,0,0,0,0,0,0,0,1,2,2,2,4,4,4,5,5,5,5,5,6,7,7,7,7
216,"Culemborg",28555,0,0,0,0,0,0,0,1,1,1,1,1,1,1,1,2,2,2,2,4,4,4,4,5,5,5,8,8,14,14,16
221,"Doesburg",11148,0,0,0,0,0,0,0,0,0,0,0,0,0,0,0,0,0,1,1,1,1,1,3,3,4,4,4,5,5,6,6
222,"Doetinchem",57555,0,0,0,0,0,0,0,0,0,0,0,0,0,0,0,0,0,0,0,0,0,3,4,5,5,6,8,10,17,17,18
225,"Druten",18797,0,0,0,0,0,0,0,0,0,0,0,0,0,0,0,1,3,5,5,5,5,5,5,5,5,6,6,7,7,11,13
226,"Duiven",25332,0,0,0,0,0,0,0,0,0,0,0,0,0,0,0,1,1,1,1,1,2,2,2,2,2,2,2,2,3,4,6
228,"Ede",115710,0,0,0,0,0,0,0,0,0,0,0,0,0,0,0,0,0,1,2,2,5,5,9,13,16,21,22,26,33,37,46
230,"Elburg",23086,0,0,0,0,0,0,0,0,0,0,0,0,0,0,0,1,1,1,1,1,1,1,2,2,3,4,4,5,6,9,11
232,"Epe",33145,0,0,0,0,0,0,0,0,0,0,0,0,0,0,0,0,0,0,2,2,4,4,4,6,8,10,13,15,16,18,20
233,"Ermelo",26858,0,0,0,0,0,0,0,0,0,0,0,1,1,1,3,4,5,7,8,8,8,8,9,11,13,13,14,17,17,18,19
243,"Harderwijk",47581,0,0,0,0,0,0,0,0,0,0,0,1,1,1,2,2,2,2,4,4,5,5,5,5,6,8,9,13,14,18,18
244,"Hattem",12173,0,0,0,0,0,0,0,0,0,0,0,0,0,0,0,0,0,0,0,0,0,0,0,1,1,1,2,3,5,7,7
246,"Heerde",18546,0,0,0,0,0,0,0,0,0,0,0,0,0,0,0,0,0,0,2,3,3,4,5,9,9,13,15,19,24,27,28
252,"Heumen",16486,0,0,0,0,0,0,0,0,0,0,0,0,0,0,0,0,0,2,2,3,5,6,7,7,7,9,11,12,15,15,16
262,"Lochem",33590,0,0,0,0,0,0,0,0,0,0,0,0,0,0,0,0,0,0,0,0,1,1,2,2,2,2,2,6,8,11,14
263,"Maasdriel",24693,0,0,0,0,0,0,0,0,0,0,1,1,1,0,0,0,0,0,0,1,1,1,2,2,2,2,3,3,5,6,8
267,"Nijkerk",42943,0,0,0,0,0,0,0,0,0,0,0,0,0,0,1,1,1,1,1,2,2,2,2,4,4,7,8,8,12,15,18
268,"Nijmegen",176731,0,0,0,0,0,0,0,1,1,2,2,3,3,5,6,8,9,12,17,31,41,48,55,60,68,79,93,108,122,132,149
269,"Oldebroek",23598,0,0,0,0,0,0,0,0,0,0,0,0,0,0,0,1,1,1,2,2,5,5,5,6,7,7,8,12,16,19,22
273,"Putten",24198,0,0,0,0,0,0,0,0,0,0,0,0,0,0,0,0,0,0,2,2,2,2,3,3,3,3,3,5,6,6,6
274,"Renkum",31302,0,0,0,0,0,0,0,0,1,1,5,5,5,7,7,7,7,8,8,8,8,8,9,9,10,10,11,12,14,17,18
275,"Rheden",43640,0,0,0,0,0,0,0,0,0,0,0,0,1,1,1,1,1,1,1,2,3,4,7,7,10,12,15,18,21,27,30
277,"Rozendaal",1654,0,0,0,0,0,0,0,0,0,0,0,0,0,0,0,0,0,1,1,1,2,2,2,2,2,2,2,2,2,2,2
279,"Scherpenzeel",9873,0,0,0,0,0,0,0,0,0,0,0,0,0,0,0,0,0,0,0,0,0,0,0,0,1,2,2,2,3,4,5
281,"Tiel",41978,0,0,0,0,0,0,0,0,0,0,0,1,1,1,2,2,2,3,4,4,4,4,4,4,5,6,8,14,20,23,27
285,"Voorst",24417,0,0,0,0,0,0,0,0,0,0,0,1,1,1,1,1,1,1,1,1,1,1,1,2,2,2,3,6,10,13,15
289,"Wageningen",38774,0,0,0,0,0,0,0,0,0,0,0,0,0,0,0,0,0,0,0,1,1,1,2,3,3,3,3,3,4,5,7
293,"Westervoort",14944,0,0,0,0,0,0,0,0,0,0,0,0,0,0,0,0,0,0,0,0,0,0,1,1,2,2,2,2,2,2,4
294,"Winterswijk",28903,0,0,0,0,0,0,0,0,0,0,0,0,0,0,0,0,0,0,0,0,0,0,0,1,2,2,2,2,2,3,3
296,"Wijchen",40951,0,0,0,0,0,0,0,0,0,0,1,1,1,1,2,3,3,4,5,6,8,8,14,17,20,21,23,24,30,30,35
297,"Zaltbommel",28451,0,0,0,0,0,0,1,1,1,1,1,1,1,1,1,1,1,1,1,3,3,3,4,5,6,7,7,7,7,9,13
299,"Zevenaar",43488,0,0,0,0,0,0,0,0,0,0,0,0,0,0,0,0,0,0,0,0,2,3,5,6,8,9,10,10,10,12,15
301,"Zutphen",47609,0,0,0,0,0,0,0,0,0,0,0,0,0,0,0,0,0,0,0,1,1,1,2,4,4,6,6,8,8,10,11
302,"Nunspeet",27481,0,0,0,0,0,0,0,0,0,0,0,1,1,1,1,1,1,1,2,2,3,3,4,9,13,17,22,29,31,39,43
303,"Dronten",40815,0,0,0,0,0,0,0,0,0,0,0,0,0,0,1,2,3,6,7,7,8,9,10,11,10,11,11,11,11,11,11
307,"Amersfoort",156286,0,0,0,0,0,0,0,0,0,0,0,0,0,2,4,4,4,10,18,21,23,30,32,37,37,41,44,47,54,59,63
308,"Baarn",24767,0,0,0,0,0,0,0,0,0,0,0,0,0,0,0,0,0,0,0,0,0,2,1,1,1,2,2,4,5,5,6
310,"De Bilt",42824,0,0,0,0,0,0,0,2,3,6,6,6,6,10,11,11,11,12,13,15,16,16,18,19,20,23,27,32,34,36,39
312,"Bunnik",15192,0,0,0,0,0,0,0,0,0,0,0,0,0,0,0,0,0,0,0,0,0,1,2,3,3,4,6,8,9,9,10
313,"Bunschoten",21576,0,0,0,0,0,0,0,0,0,0,0,0,0,0,0,0,0,0,0,0,0,0,0,0,0,0,1,3,3,3,4
317,"Eemnes",9113,0,0,0,0,0,0,0,0,0,0,0,0,0,0,0,0,0,0,0,0,1,1,1,1,1,1,1,1,1,1,1
321,"Houten",49911,0,0,0,0,1,1,1,9,9,13,13,13,13,13,13,13,13,13,13,13,14,17,17,19,23,25,29,37,43,47,52
327,"Leusden",30030,0,0,0,0,0,0,0,0,0,0,0,0,0,0,0,0,0,0,1,1,3,4,4,6,6,7,9,13,13,16,17
331,"Lopik",14473,0,0,0,0,0,0,0,0,0,0,0,0,0,0,0,0,0,0,1,2,3,3,3,4,6,9,10,11,12,13,13
335,"Montfoort",13996,0,0,0,0,0,0,0,0,0,0,0,0,0,0,0,0,0,0,0,0,0,0,0,0,0,2,3,5,9,11,12
339,"Renswoude",5259,0,0,0,0,0,0,0,0,0,0,0,0,0,0,0,0,0,0,0,0,0,0,0,0,0,0,0,0,0,1,1
340,"Rhenen",20004,0,0,0,0,0,0,0,0,1,1,1,1,1,1,1,1,1,1,1,1,1,1,1,0,0,1,1,1,2,5,6
342,"Soest",46194,0,0,0,0,0,0,0,4,6,7,7,7,8,8,8,8,8,8,10,11,12,13,14,15,16,16,20,21,23,28,28
344,"Utrecht",352866,0,0,0,0,2,2,2,6,8,11,13,13,14,18,25,26,30,38,48,60,69,83,101,121,131,145,160,191,215,243,265
345,"Veenendaal",65589,0,0,0,0,0,0,0,0,0,0,0,0,0,1,1,1,1,1,1,1,1,2,2,2,3,6,6,7,7,13,14
351,"Woudenberg",13166,0,0,0,0,0,0,0,0,0,0,0,0,0,1,1,1,1,1,1,1,2,2,3,3,3,4,4,6,7,6,6
352,"Wijk bij Duurstede",23762,0,0,0,0,0,0,0,0,1,1,1,1,1,1,2,2,2,3,3,4,4,4,5,6,6,6,6,6,7,7,9
353,"IJsselstein",34160,0,0,0,0,0,0,0,0,0,0,1,1,1,1,1,1,1,2,4,6,7,8,8,11,13,16,16,18,23,26,31
355,"Zeist",63934,0,0,0,0,0,0,0,0,0,1,1,1,2,3,4,4,4,6,8,12,12,12,13,17,17,19,20,25,28,34,40
356,"Nieuwegein",63036,0,0,0,0,0,0,0,0,0,0,0,0,0,0,0,0,0,1,1,3,4,6,8,9,9,11,11,12,15,17,25
358,"Aalsmeer",31728,0,0,0,0,0,0,0,0,0,0,0,0,2,2,2,3,3,3,3,3,3,4,5,5,7,8,9,10,11,12,16
361,"Alkmaar",108558,0,0,0,0,0,0,0,0,0,0,0,0,1,1,1,1,1,1,2,2,5,9,10,11,15,16,20,24,29,36,42
362,"Amstelveen",90838,0,0,0,0,0,0,0,1,1,1,1,2,2,2,2,3,3,3,4,6,7,13,22,26,27,29,33,35,46,52,63
363,"Amsterdam",862965,0,0,0,0,0,0,1,2,5,5,6,6,8,8,11,20,31,31,39,56,61,85,127,161,188,203,250,297,351,411,477
370,"Beemster",9748,0,0,0,0,0,0,0,0,0,0,0,0,0,0,0,0,0,0,0,0,0,0,0,0,0,0,1,2,2,4,4
373,"Bergen (NH)",29974,0,0,0,0,0,0,0,0,0,0,0,0,0,0,0,0,1,1,1,1,2,4,4,6,8,9,12,12,14,16,20
375,"Beverwijk",41176,0,0,0,0,0,1,1,2,2,3,4,4,4,4,5,5,5,5,5,6,6,6,6,6,7,7,11,11,12,13,17
376,"Blaricum",11202,0,0,0,0,0,0,1,1,1,1,1,1,1,1,1,1,1,1,1,1,2,2,3,4,4,4,4,5,6,6,6
377,"Bloemendaal",23410,0,0,0,0,0,0,0,0,1,1,1,1,1,1,1,1,1,1,1,3,3,3,3,8,8,11,13,13,16,17,19
383,"Castricum",35772,0,0,0,0,0,0,0,0,0,0,0,0,0,0,0,0,4,5,5,5,5,6,6,7,8,8,10,10,13,18,19
384,"Diemen",29196,0,1,3,3,3,2,2,2,2,2,2,2,2,2,2,2,2,2,2,2,2,2,3,3,4,4,4,6,6,7,7
385,"Edam-Volendam",36099,0,0,0,0,0,0,0,0,0,0,0,0,0,0,0,0,0,0,0,0,0,3,3,4,5,6,7,9,10,14,14
388,"Enkhuizen",18507,0,0,0,0,0,0,0,0,0,0,0,0,0,0,0,0,0,0,1,1,1,5,5,6,7,8,10,13,15,17,17
392,"Haarlem",161265,0,0,0,0,1,1,1,1,1,1,2,2,1,1,1,4,4,4,6,7,7,10,17,25,27,29,41,46,54,66,73
394,"Haarlemmermeer",154235,0,0,0,0,0,0,0,0,0,0,0,0,0,0,0,0,0,1,2,4,4,5,8,12,16,18,23,23,30,40,45
396,"Heemskerk",39164,0,0,0,0,0,0,0,0,0,0,0,0,0,0,0,1,1,1,2,2,2,3,5,5,5,5,7,9,10,16,19
397,"Heemstede",27286,0,0,0,0,0,0,0,0,0,0,1,1,1,1,2,2,2,2,5,5,5,5,7,11,11,13,16,17,21,24,27
398,"Heerhugowaard",56742,0,0,0,0,0,0,0,0,0,0,0,0,0,0,0,0,0,1,1,1,2,2,3,5,8,10,15,16,19,20,23
399,"Heiloo",23464,0,0,0,0,0,0,0,0,0,0,0,0,0,0,0,2,2,2,3,3,3,3,3,4,6,6,8,9,10,13,13
400,"Den Helder",55604,0,0,0,0,0,0,0,0,0,0,0,0,0,1,1,1,1,1,1,1,1,2,2,3,3,4,5,5,6,9,9
402,"Hilversum",90238,0,0,0,0,0,0,0,0,0,0,0,0,0,0,0,0,0,0,1,3,3,3,5,7,7,7,7,16,18,24,24
405,"Hoorn",73004,0,0,0,0,0,0,0,0,0,0,0,0,0,0,0,0,0,0,1,1,1,2,3,8,9,11,12,14,15,17,20
406,"Huizen",41273,0,0,0,0,0,0,0,0,0,0,1,1,1,2,1,1,1,1,1,1,2,3,3,3,3,3,3,7,8,13,13
415,"Landsmeer",11488,0,0,0,0,0,0,0,0,0,1,1,1,1,1,2,2,2,3,3,3,3,3,4,4,5,5,6,6,7,7,7
416,"Langedijk",27992,0,0,0,0,0,0,0,0,0,0,0,0,0,1,1,3,3,4,4,4,4,4,4,4,4,5,12,12,13,14,14
417,"Laren",11195,0,0,0,0,0,0,0,0,0,0,0,0,0,0,0,0,0,0,0,0,0,0,0,0,0,0,3,4,5,8,8
420,"Medemblik",44809,0,0,0,0,0,0,0,0,0,0,0,0,0,0,0,0,0,0,0,0,0,0,0,1,2,4,4,4,6,8,14
431,"Oostzaan",9757,0,0,0,0,0,0,0,0,0,0,0,0,0,0,0,0,0,0,0,1,2,2,3,3,4,5,5,6,7,7,7
432,"Opmeer",11779,0,0,0,0,0,0,0,0,0,0,0,0,0,0,0,0,0,0,0,0,0,0,0,0,0,0,0,0,2,2,2
437,"Ouder-Amstel",13916,0,0,0,0,0,0,0,0,0,0,0,0,0,0,0,0,0,0,0,2,3,3,3,4,4,5,7,7,7,7,9
439,"Purmerend",80117,0,0,0,0,0,0,0,0,0,0,0,0,0,1,2,2,2,2,2,2,4,7,11,14,20,22,23,32,39,48,52
441,"Schagen",46553,0,0,0,0,0,0,0,0,0,0,0,0,1,1,1,2,3,4,4,4,5,6,6,7,7,7,10,11,12,13,13
448,"Texel",13547,0,0,0,0,0,0,0,0,0,0,0,0,0,0,0,0,0,0,0,0,0,2,3,3,3,3,3,3,3,3,3
450,"Uitgeest",13528,0,0,0,0,0,0,0,0,0,0,0,0,0,0,0,0,0,0,0,0,0,0,2,2,4,4,4,4,4,7,7
451,"Uithoorn",29424,0,0,0,0,0,0,0,0,0,0,0,0,0,0,0,0,0,0,0,0,1,2,2,2,2,2,4,5,7,11,16
453,"Velsen",68348,0,0,0,0,0,0,0,0,0,0,0,0,0,1,1,1,1,1,4,4,4,4,5,8,10,11,15,15,23,25,31
457,"Weesp",19334,0,0,0,0,0,0,0,0,0,0,0,0,0,0,0,0,0,0,0,0,0,0,1,1,1,1,2,6,7,8,10
473,"Zandvoort",17011,0,0,0,0,0,0,0,0,0,0,0,0,0,0,0,0,1,1,1,1,1,1,1,2,2,3,6,6,6,6,7
479,"Zaanstad",155885,0,0,0,0,0,0,0,0,0,2,2,2,2,2,2,2,2,2,2,2,2,4,3,9,11,19,20,29,31,46,50
482,"Alblasserdam",20069,0,0,0,0,0,0,0,0,0,0,0,0,0,0,0,0,0,0,0,1,1,2,3,3,4,4,4,5,6,6,6
484,"Alphen aan den Rijn",110986,0,0,0,0,1,1,1,1,1,1,1,1,1,2,3,4,6,6,6,6,9,10,13,15,17,17,20,22,30,32,35
489,"Barendrecht",48673,0,0,0,0,0,0,0,0,0,0,0,0,0,1,1,1,1,3,3,3,3,4,5,9,10,13,15,16,19,21,28
498,"Drechterland",19597,0,0,0,0,0,0,0,0,0,0,0,0,0,0,0,0,0,0,0,0,0,0,0,2,2,2,3,3,4,4,5
501,"Brielle",17182,0,0,0,0,0,0,0,0,0,0,0,0,0,0,0,0,0,0,0,0,0,1,1,1,1,1,1,1,2,5,10
502,"Capelle aan den IJssel",66818,0,0,0,0,0,0,0,0,0,0,0,0,0,0,0,0,0,0,0,1,1,2,3,3,7,7,13,23,26,31,41
503,"Delft",103163,0,0,1,1,1,1,1,1,1,1,1,1,1,1,1,2,2,2,2,2,4,5,9,11,12,16,17,21,25,27,29
505,"Dordrecht",118654,0,0,0,0,0,0,0,0,0,0,0,0,0,0,1,1,1,1,1,4,4,8,11,12,13,17,23,26,28,32,36
512,"Gorinchem",36682,0,0,0,0,0,0,0,0,0,0,0,0,0,0,0,0,0,0,0,0,0,1,0,0,2,2,4,8,9,13,14
513,"Gouda",73181,0,0,0,0,0,0,0,0,0,0,0,1,1,2,2,2,2,3,4,5,7,9,10,12,15,16,17,18,25,31,35
518,"'s-Gravenhage",537833,0,0,0,0,0,0,0,0,2,2,2,2,3,7,7,8,9,10,14,17,21,27,36,44,47,53,63,81,103,124,161
523,"Hardinxveld-Giessendam",18051,0,0,0,0,0,0,1,3,4,4,4,4,5,5,5,5,5,5,5,5,5,5,6,6,6,6,6,6,6,7,7
530,"Hellevoetsluis",40049,0,0,0,0,0,0,0,0,0,0,0,0,0,0,1,1,1,1,1,1,1,1,4,4,4,5,5,5,7,10,15
531,"Hendrik-Ido-Ambacht",30966,0,0,0,0,0,0,0,0,0,0,0,0,0,0,0,0,0,0,0,0,0,0,0,0,1,2,2,3,5,5,5
532,"Stede Broec",21706,0,0,0,0,0,0,0,0,0,0,0,0,0,0,0,0,0,0,1,1,1,3,3,5,5,8,9,13,17,18,18
534,"Hillegom",21966,0,0,0,0,0,0,0,0,0,0,0,0,0,0,0,0,0,0,0,0,1,1,2,2,2,2,3,3,3,3,4
537,"Katwijk",65302,0,0,0,0,0,0,0,0,0,0,0,0,0,0,1,1,1,1,1,1,2,2,3,5,6,6,6,7,10,15,19
542,"Krimpen aan den IJssel",29376,0,0,0,0,0,0,0,0,0,0,0,0,0,0,1,1,1,1,1,1,1,2,2,2,3,3,3,6,7,7,12
546,"Leiden",124899,0,0,0,0,0,0,0,0,0,0,0,0,1,1,1,4,4,4,8,8,11,12,14,16,16,16,20,21,28,30,35
547,"Leiderdorp",27109,0,0,0,0,0,0,0,0,0,0,0,0,0,0,0,0,0,0,1,1,2,2,2,2,2,2,2,3,4,4,5
553,"Lisse",22800,0,0,0,0,0,0,0,0,0,0,0,0,0,0,0,0,0,0,0,0,0,0,0,0,1,1,1,2,2,3,3
556,"Maassluis",32768,0,0,0,0,0,0,0,0,0,0,0,0,0,0,0,0,1,1,1,1,2,2,2,3,5,6,7,7,8,11,14
569,"Nieuwkoop",28628,0,0,0,0,0,0,0,0,0,0,0,0,0,0,1,1,1,1,1,1,1,1,1,2,3,3,4,6,6,7,8
575,"Noordwijk",42859,0,0,0,0,0,0,0,0,0,0,0,2,2,2,2,2,2,2,2,2,2,3,2,3,6,6,6,7,8,10,15
579,"Oegstgeest",24426,0,0,0,0,0,0,0,0,0,1,1,1,1,2,2,2,4,4,4,4,4,5,6,7,7,7,8,9,9,12,13
589,"Oudewater",10201,0,0,0,0,0,0,0,0,0,0,0,0,0,0,0,0,0,1,1,1,1,2,2,3,4,4,7,10,12,18,21
590,"Papendrecht",32290,0,0,0,0,0,0,0,0,0,0,0,0,0,0,0,0,0,0,0,0,0,1,2,2,4,5,5,6,6,6,7
597,"Ridderkerk",46241,0,0,0,0,0,0,0,0,0,1,1,1,1,1,1,1,1,1,1,1,1,1,2,4,5,5,7,9,13,19,27
599,"Rotterdam",644618,0,0,0,0,2,1,3,5,9,11,14,14,15,15,15,20,24,25,30,41,58,81,104,120,139,149,163,186,204,249,308
603,"Rijswijk",53467,0,0,0,0,0,0,0,0,0,0,0,0,0,0,0,0,0,0,1,2,3,3,4,4,5,7,8,10,11,14,16
606,"Schiedam",77999,0,0,0,0,0,0,0,0,0,0,0,0,0,0,0,0,0,1,1,1,1,2,4,6,8,8,10,14,16,19,22
610,"Sliedrecht",25026,0,0,0,0,0,0,0,0,0,0,0,0,0,0,0,0,0,0,0,1,1,1,2,3,3,3,4,5,7,6,6
613,"Albrandswaard",25271,0,0,0,0,0,0,0,0,0,0,1,1,1,1,1,1,1,1,2,3,4,4,5,8,12,14,18,18,19,21,23
614,"Westvoorne",14626,0,0,0,0,0,0,0,0,1,1,1,1,1,1,1,1,2,3,3,3,3,3,3,3,5,7,8,8,8,9,11
622,"Vlaardingen",72404,0,0,0,0,0,0,0,0,0,0,0,0,0,1,1,1,1,1,1,2,2,4,7,12,15,15,18,22,24,28,30
626,"Voorschoten",25479,0,0,0,0,0,0,0,0,0,0,0,0,0,0,0,0,0,0,0,0,1,1,2,2,3,3,3,5,6,6,7
627,"Waddinxveen",28316,0,0,0,0,0,0,0,0,0,0,0,0,1,1,1,1,1,1,1,1,1,3,3,4,4,4,4,5,6,7,8
629,"Wassenaar",26211,0,0,0,0,0,0,0,0,0,0,0,0,0,0,0,1,2,2,3,3,3,4,4,5,5,5,5,5,6,6,6
632,"Woerden",52197,0,0,0,0,0,0,0,0,2,2,2,2,2,2,2,2,2,2,2,3,4,4,5,6,7,14,19,22,25,25,34
637,"Zoetermeer",124944,0,0,0,0,0,0,0,0,0,0,0,0,0,0,0,0,0,0,1,1,1,1,4,4,5,7,8,13,14,17,21
638,"Zoeterwoude",8450,0,0,0,0,0,0,0,0,0,0,0,0,0,0,0,0,0,0,0,0,0,0,0,0,0,0,1,1,1,2,2
642,"Zwijndrecht",44639,0,0,0,0,0,0,0,0,0,0,0,0,0,0,0,0,2,3,3,4,5,6,6,6,6,6,8,9,11,13,13
654,"Borsele",22800,0,0,0,0,0,0,0,0,0,0,0,0,0,1,1,1,1,1,2,2,2,3,3,3,3,3,4,5,6,7,7
664,"Goes",37653,0,0,0,0,0,0,0,0,0,0,0,1,1,2,2,2,2,2,2,2,3,3,3,3,3,3,4,4,7,12,12
668,"West Maas en Waal",19076,0,0,0,0,0,0,0,1,1,1,1,1,1,1,2,2,2,3,3,3,3,3,4,4,6,7,8,11,13,13,15
677,"Hulst",27524,0,0,0,0,0,0,0,0,0,0,0,0,0,0,0,0,0,0,0,0,0,0,0,0,0,0,0,1,1,2,3
678,"Kapelle",12785,0,0,0,0,0,0,0,0,0,0,0,0,0,0,0,0,0,0,0,1,2,2,2,2,2,2,2,2,2,2,2
687,"Middelburg",48544,0,0,0,0,0,0,0,0,0,0,0,0,0,0,0,0,0,0,1,1,2,3,3,4,5,6,6,7,8,9,10
703,"Reimerswaal",22678,0,0,0,0,0,0,0,0,0,0,0,0,0,0,1,1,1,1,2,2,3,4,5,5,5,5,6,7,7,7,7
715,"Terneuzen",54589,0,0,0,0,0,0,0,0,0,0,0,0,0,0,0,0,1,1,1,2,3,4,5,5,5,6,6,10,14,16,17
716,"Tholen",25780,0,0,0,0,0,0,0,0,0,0,0,0,0,0,0,0,0,1,1,1,2,2,2,7,7,8,11,13,14,20,25
717,"Veere",21835,0,0,0,0,0,0,0,0,0,0,0,0,0,1,1,1,1,1,1,1,1,1,2,5,5,6,6,6,7,8,9
718,"Vlissingen",44371,0,0,0,0,0,0,0,0,0,0,0,0,0,2,2,2,2,2,3,4,4,5,6,6,6,8,8,8,8,8,10
736,"De Ronde Venen",44059,0,0,0,0,0,0,0,0,0,0,0,0,0,0,0,0,0,0,2,2,2,2,3,3,4,6,8,9,13,17,17
737,"Tytsjerksteradiel",31780,0,0,0,0,0,0,0,0,0,0,0,0,0,0,0,0,0,0,1,1,1,1,1,1,1,1,1,2,2,3,4
743,"Asten",16710,0,0,0,0,0,0,0,0,0,0,0,0,0,0,0,0,0,1,1,2,2,2,2,5,5,5,6,6,6,8,10
744,"Baarle-Nassau",6847,0,0,0,0,0,0,0,0,0,0,0,0,0,0,0,0,0,0,0,0,0,0,1,1,1,1,1,2,2,2,2
748,"Bergen op Zoom",66811,0,0,0,0,0,0,0,0,0,0,1,1,1,1,1,1,1,4,4,5,5,6,8,9,10,12,12,12,13,15,17
753,"Best",29821,0,0,0,0,0,0,0,1,1,1,2,2,2,3,3,3,3,3,4,5,6,6,8,11,14,14,17,19,21,23,23
755,"Boekel",10588,0,0,0,0,0,0,0,0,0,0,1,1,2,7,8,11,12,12,14,14,19,20,25,32,37,40,42,42,42,51,53
756,"Boxmeer",29065,0,0,0,0,0,0,0,0,0,0,0,0,0,0,0,1,1,1,1,1,2,2,5,6,7,7,9,9,10,13,17
757,"Boxtel",30747,0,0,0,0,0,0,0,0,0,0,0,0,0,0,1,1,2,2,3,5,5,6,6,11,12,12,15,15,19,22,24
758,"Breda",183873,0,0,0,0,0,0,0,0,2,2,16,19,27,32,42,53,64,71,86,96,105,113,121,133,140,161,167,181,201,215,227
762,"Deurne",32362,0,0,0,0,0,0,0,0,0,0,1,1,1,3,3,3,3,4,5,8,8,10,13,19,22,22,25,30,35,42,46
765,"Pekela",12214,0,0,0,0,0,0,0,0,0,0,0,0,0,1,1,1,1,1,1,1,1,1,1,2,2,2,2,2,2,2,2
766,"Dongen",26051,0,0,0,0,0,0,0,0,1,2,3,3,3,4,4,4,5,5,5,5,5,5,2,2,2,2,4,6,6,10,12
770,"Eersel",19110,0,0,0,0,0,0,0,0,0,0,0,0,0,0,1,1,2,2,2,3,4,4,6,7,9,10,13,13,14,15,17
772,"Eindhoven",231642,0,0,0,0,0,1,1,3,4,4,6,7,8,8,8,12,13,21,21,22,23,24,28,35,46,55,68,80,93,113,128
777,"Etten-Leur",43774,0,0,0,0,0,0,0,0,0,0,1,1,3,5,5,6,7,8,10,12,13,14,15,18,20,24,24,31,37,40,50
779,"Geertruidenberg",21515,0,0,0,0,0,0,0,0,0,0,0,0,0,1,1,1,1,1,3,5,7,7,7,7,8,10,10,11,11,11,12
784,"Gilze en Rijen",26431,0,0,0,0,0,0,0,0,0,0,0,0,0,0,0,1,1,1,1,1,3,5,7,7,12,13,16,18,19,22,25
785,"Goirle",23793,0,0,0,0,0,0,0,0,0,0,1,4,4,6,6,6,6,6,9,9,9,11,11,12,13,13,16,18,21,24,26
786,"Grave",12483,0,0,0,0,0,0,0,0,0,0,0,0,0,0,0,0,0,0,0,0,1,2,4,6,10,11,11,11,14,16,19
788,"Haaren",14195,0,0,0,0,0,0,0,0,0,0,0,2,2,6,6,7,7,7,7,7,9,9,9,10,12,12,12,12,14,18,21
794,"Helmond",91524,0,0,0,0,1,4,4,4,4,4,5,7,11,12,14,16,17,17,17,19,20,22,26,32,38,49,55,63,66,75,91
796,"'s-Hertogenbosch",154205,0,0,0,0,0,0,0,0,0,2,2,3,4,5,8,11,14,14,20,24,30,35,38,45,55,60,67,75,87,108,117
797,"Heusden",44135,0,0,0,0,0,0,0,1,1,1,1,1,1,2,2,4,4,4,4,4,5,6,7,11,15,16,19,20,25,37,39
798,"Hilvarenbeek",15334,0,0,0,0,0,0,0,0,0,0,0,0,0,1,3,5,5,5,4,4,4,4,4,5,6,7,8,10,10,10,12
809,"Loon op Zand",23327,1,1,3,3,4,5,5,6,8,7,7,7,7,7,6,7,7,7,7,8,9,11,13,14,16,17,20,20,21,25,29
815,"Mill en Sint Hubert",10891,0,0,0,0,0,0,0,0,0,0,0,0,0,0,0,0,0,1,1,1,1,2,2,2,2,2,5,5,5,7,9
820,"Nuenen Gerwen en Nederwetten",23186,0,0,0,0,0,0,0,0,1,1,1,1,1,1,1,1,1,1,1,1,1,1,1,1,3,4,4,8,10,11,13
823,"Oirschot",18623,0,0,0,0,0,0,0,0,0,0,0,0,0,0,0,0,0,0,1,1,1,1,1,1,3,3,4,6,8,10,11
824,"Oisterwijk",26140,0,0,0,0,0,0,0,1,1,3,3,3,3,4,5,6,6,6,9,10,10,10,12,15,16,16,16,18,21,23,24
826,"Oosterhout",55616,0,0,0,0,0,0,0,0,0,0,0,1,1,1,1,3,4,5,6,8,9,9,12,13,16,22,23,26,29,31,36
828,"Oss",91451,0,0,0,0,1,1,1,1,1,1,1,1,1,2,3,3,4,5,11,14,20,26,35,44,59,65,73,81,100,128,141
840,"Rucphen",22572,0,0,0,0,0,0,0,0,0,0,0,0,0,0,0,0,0,1,1,1,1,2,3,6,6,6,6,6,6,10,10
845,"Sint-Michielsgestel",28991,0,0,0,0,0,0,0,1,2,3,5,5,5,5,5,5,6,6,8,8,10,10,12,12,14,14,17,18,22,28,29
847,"Someren",19322,0,0,0,0,0,0,0,0,0,0,0,0,0,0,0,0,1,1,1,2,3,3,5,5,6,7,7,10,15,19,22
848,"Son en Breugel",16904,0,0,0,0,0,0,0,0,0,0,0,0,0,1,1,2,2,2,4,4,4,5,7,8,10,10,13,15,19,20,22
851,"Steenbergen",25054,0,0,0,0,0,0,0,0,0,0,0,0,0,0,0,0,0,1,2,2,2,4,4,5,8,8,9,11,11,14,14
852,"Waterland",17315,0,0,0,0,0,0,0,0,0,0,1,1,1,1,1,1,1,2,3,3,4,7,7,8,8,9,10,11,11,11,11
855,"Tilburg",217259,0,0,0,1,1,1,3,4,4,10,12,27,29,42,50,67,68,68,84,88,95,119,133,154,178,193,211,224,230,254,284
856,"Uden",41782,0,0,0,0,0,0,1,1,2,6,7,12,13,18,21,25,28,33,43,49,53,60,71,76,82,84,92,94,107,123,130
858,"Valkenswaard",30910,0,0,0,0,0,0,0,0,0,0,0,0,0,0,0,0,0,0,0,0,1,1,2,4,4,5,8,9,17,20,26
861,"Veldhoven",45337,0,0,0,0,0,0,0,0,0,0,1,1,1,1,1,1,1,1,1,1,1,2,5,9,11,11,14,18,22,22,24
865,"Vught",26396,0,0,0,0,0,0,0,0,0,0,0,1,1,1,2,2,2,2,3,6,7,8,8,11,15,17,19,22,25,29,31
866,"Waalre",17247,0,0,0,0,0,0,0,1,1,1,1,1,1,1,1,1,1,1,1,1,2,2,2,2,2,2,3,2,6,6,6
867,"Waalwijk",48240,0,0,0,0,0,0,0,3,3,3,5,5,5,6,6,9,8,8,10,11,12,13,15,16,22,24,29,34,39,46,54
873,"Woensdrecht",21866,0,0,0,0,0,0,0,0,0,0,0,0,0,0,0,0,0,0,0,0,0,0,0,0,2,3,4,5,5,5,6
879,"Zundert",21612,0,0,0,0,0,0,0,0,0,0,1,1,1,2,2,3,3,3,3,4,6,6,7,7,7,9,11,14,15,17,23
880,"Wormerland",16329,0,0,0,0,0,0,0,0,0,0,0,0,0,0,0,0,0,0,0,0,0,1,1,1,1,2,2,3,5,6,7
882,"Landgraaf",37591,0,0,0,0,0,0,0,0,0,0,0,0,0,0,1,2,4,4,4,4,7,7,7,9,10,11,18,21,25,28,29
888,"Beek",15929,0,0,0,0,0,0,0,0,0,0,0,0,0,0,0,0,0,3,3,3,3,3,5,5,5,5,9,13,13,13,14
889,"Beesel",13519,0,0,0,0,0,0,0,0,0,0,0,0,0,0,0,0,0,0,0,0,0,0,1,3,5,5,6,7,8,11,13
893,"Bergen (L)",13140,0,0,0,0,0,0,0,0,0,0,0,0,0,0,0,0,0,0,0,0,1,1,1,1,1,1,1,1,1,2,2
899,"Brunssum",28103,0,0,0,0,0,0,0,0,0,0,0,0,0,0,0,0,0,0,0,2,4,4,6,6,6,8,17,20,22,24,25
907,"Gennep",17071,0,0,0,0,0,0,0,0,0,0,0,0,0,0,0,1,1,1,1,1,2,4,4,5,7,7,7,7,8,9,14
917,"Heerlen",86832,0,0,0,0,0,0,0,0,0,0,0,0,0,1,2,2,4,5,6,8,14,15,18,19,24,29,46,53,63,68,75
928,"Kerkrade",45642,0,0,0,0,0,0,0,0,0,0,0,0,0,0,0,0,1,2,2,3,3,3,5,6,8,8,17,21,26,28,32
935,"Maastricht",121565,0,0,0,0,0,0,0,1,2,3,4,6,7,8,8,10,16,21,24,33,41,42,56,57,59,60,94,112,118,126,162
938,"Meerssen",18923,0,0,0,0,0,0,0,0,0,0,0,0,0,0,0,0,0,0,1,1,2,2,2,2,3,3,8,8,8,8,10
944,"Mook en Middelaar",7806,0,0,0,0,0,0,0,0,0,0,0,0,0,0,0,0,0,0,0,0,0,1,1,1,1,3,5,5,5,5,8
946,"Nederweert",17001,0,0,0,0,0,0,0,0,0,0,0,0,0,0,0,1,3,3,3,5,7,7,7,7,8,9,11,14,18,21,24
957,"Roermond",58209,0,0,0,0,0,0,0,0,0,0,1,1,1,1,1,1,2,2,2,4,6,13,15,18,21,23,26,28,29,31,32
965,"Simpelveld",10516,0,0,0,0,0,0,0,2,2,2,2,2,2,2,2,2,2,3,3,4,5,5,5,5,5,5,7,8,10,10,11
971,"Stein",24961,0,0,0,0,0,0,0,0,0,0,0,0,0,1,1,1,3,3,3,3,4,4,5,5,6,9,24,24,28,29,31
981,"Vaals",10092,0,0,0,0,0,0,0,0,0,0,0,0,0,0,0,0,0,0,0,0,0,0,0,0,0,0,3,4,6,6,6
983,"Venlo",101603,0,0,0,0,0,0,0,0,0,0,0,1,1,1,2,2,3,4,6,8,12,21,24,33,33,35,40,47,54,67,71
984,"Venray",43326,0,0,0,0,0,0,0,0,0,0,0,0,0,0,0,0,0,0,0,0,1,3,6,8,9,10,13,17,20,21,26
986,"Voerendaal",12452,0,0,0,0,0,0,0,0,0,0,0,0,0,0,0,0,0,0,0,1,3,3,4,4,4,4,5,6,7,7,8
988,"Weert",49842,0,0,0,0,0,0,0,0,0,0,0,0,0,0,0,0,0,0,0,0,0,0,4,7,7,12,17,24,28,27,36
994,"Valkenburg aan de Geul",16470,0,0,0,0,0,0,0,0,0,0,0,0,0,0,0,0,0,0,1,2,2,2,4,4,4,4,8,9,10,11,12
995,"Lelystad",77893,0,0,0,0,0,0,0,0,0,0,0,0,0,1,2,3,5,7,8,10,12,13,15,15,19,21,24,26,27,29,31
1507,"Horst aan de Maas",42291,0,0,0,0,0,0,0,0,0,0,0,0,0,0,0,2,3,3,5,8,8,10,11,13,13,16,17,18,20,25,27
1509,"Oude IJsselstreek",39473,0,0,0,0,0,0,0,0,0,0,0,0,0,0,0,0,0,0,1,2,2,2,2,4,4,4,4,4,5,5,7
1525,"Teylingen",37061,0,0,0,0,0,0,0,0,0,0,0,0,0,0,0,0,0,0,1,2,2,2,3,5,7,7,7,8,10,11,11
1581,"Utrechtse Heuvelrug",49515,0,0,0,0,0,0,0,0,1,1,2,2,2,2,2,2,2,2,3,5,6,8,8,8,11,14,14,15,17,22,25
1586,"Oost Gelre",29704,0,0,0,0,0,0,0,0,0,0,0,0,0,0,0,0,0,0,0,0,0,0,1,2,2,2,6,6,6,7,8
1598,"Koggenland",22738,0,0,0,0,0,0,0,0,0,0,0,0,0,0,0,0,1,1,1,1,1,1,1,1,2,4,4,5,6,6,9
1621,"Lansingerland",61601,0,0,0,0,0,0,0,0,1,2,2,3,4,4,4,4,4,5,5,7,10,13,14,16,20,20,24,25,28,34,45
1640,"Leudal",35681,0,0,0,0,0,0,0,0,0,0,0,1,2,3,4,4,6,6,7,8,11,13,16,20,22,23,26,29,32,37,41
1641,"Maasgouw",23716,0,0,0,0,0,0,0,0,0,0,0,0,0,0,0,0,1,2,2,3,4,5,5,7,8,9,9,10,12,13,13
1652,"Gemert-Bakel",30447,0,0,0,0,0,0,0,1,1,1,1,1,2,4,7,11,13,16,20,25,26,31,36,42,50,56,64,68,71,76,82
1655,"Halderberge",30194,0,0,0,0,0,0,0,0,0,0,0,0,0,0,0,0,0,0,2,2,2,2,2,5,7,7,8,8,8,10,12
1658,"Heeze-Leende",15964,0,0,0,0,0,0,0,0,0,0,0,0,0,1,1,1,1,1,2,3,4,4,4,4,7,7,7,10,10,12,12
1659,"Laarbeek",22333,0,0,0,0,0,0,0,0,0,0,0,0,0,0,0,1,1,1,1,1,2,4,6,8,11,13,17,19,24,33,39
1667,"Reusel-De Mierden",13060,0,0,0,0,0,0,0,0,0,0,0,0,0,0,0,0,0,0,0,0,0,0,0,0,1,1,1,1,4,4,5
1669,"Roerdalen",20615,0,0,0,0,0,0,0,0,0,0,0,0,0,0,0,0,0,0,0,0,1,1,4,4,6,7,10,10,11,13,14
1674,"Roosendaal",77032,0,0,0,0,0,0,0,0,0,0,0,0,0,1,1,2,2,5,6,6,6,7,8,8,11,16,18,20,24,25,25
1676,"Schouwen-Duiveland",33779,0,0,0,0,0,0,0,0,1,1,2,2,2,2,2,2,2,2,2,2,2,2,2,3,3,3,3,6,8,9,9
1680,"Aa en Hunze",25386,0,0,0,0,0,0,0,0,0,0,0,0,0,0,0,0,0,0,0,0,0,0,0,0,1,1,1,1,3,3,4
1681,"Borger-Odoorn",25372,0,0,0,0,0,0,0,0,0,0,0,0,0,0,0,0,0,0,0,0,0,0,0,0,0,0,0,0,0,1,1
1684,"Cuijk",24931,0,0,0,0,0,0,0,0,0,0,0,0,0,1,1,2,2,2,2,2,2,4,4,4,4,5,6,8,8,8,10
1685,"Landerd",15529,0,0,0,0,0,0,0,0,0,0,1,2,1,2,2,4,5,5,10,14,16,18,20,20,22,23,25,25,34,42,44
1690,"De Wolden",24110,0,0,0,0,0,0,0,0,0,0,0,0,0,0,0,0,1,1,1,1,1,1,2,3,3,3,3,3,3,3,7
1695,"Noord-Beveland",7308,0,0,0,0,0,0,0,0,0,0,0,0,0,0,1,1,1,1,1,1,1,1,0,0,0,0,1,2,2,2,2
1696,"Wijdemeren",24013,0,0,0,0,0,0,0,0,0,0,0,0,0,0,0,0,0,0,0,0,1,1,1,1,1,1,1,3,4,4,5
1699,"Noordenveld",31290,0,0,0,0,0,0,0,0,0,0,0,0,0,0,0,0,0,0,1,1,1,1,1,1,1,1,1,1,3,3,3
1700,"Twenterand",33792,0,0,0,0,0,0,0,0,0,0,0,0,0,0,0,0,0,0,0,0,0,0,0,1,1,2,3,3,3,5,5
1701,"Westerveld",19348,0,0,0,0,0,0,0,0,0,0,0,0,0,0,0,0,0,0,0,0,0,0,0,1,1,2,2,2,2,3,4
1702,"Sint Anthonis",11606,0,0,0,0,0,0,0,0,0,0,0,0,0,0,0,0,2,2,3,4,5,8,10,12,13,13,13,13,14,18,21
1705,"Lingewaard",46475,0,0,0,0,0,0,0,1,1,2,2,2,2,2,2,2,3,3,3,3,4,5,6,6,9,10,11,14,14,22,25
1706,"Cranendonck",20440,0,0,0,0,0,0,0,0,0,0,0,0,0,1,1,2,2,2,2,5,6,6,8,11,13,19,23,25,31,42,42
1708,"Steenwijkerland",43940,0,0,0,0,0,0,0,0,0,0,0,0,0,0,0,0,0,0,0,1,1,1,1,3,3,4,5,6,8,8,8
1709,"Moerdijk",36961,0,0,0,0,0,0,0,0,0,0,0,0,0,0,0,1,1,1,1,1,1,2,3,3,3,3,4,5,5,6,10
1711,"Echt-Susteren",31638,0,0,0,0,0,0,0,0,0,0,0,0,0,0,0,0,0,0,0,2,6,6,7,11,12,14,15,20,23,25,28
1714,"Sluis",23386,0,0,0,0,0,0,0,0,0,0,0,0,0,0,0,0,0,1,2,2,2,2,3,3,4,4,5,5,6,6,6
1719,"Drimmelen",27150,0,0,0,0,0,0,0,0,0,0,0,0,0,1,3,5,5,5,7,11,12,13,13,14,14,16,17,20,21,24,26
1721,"Bernheze",30806,0,0,0,0,0,0,0,0,0,1,1,2,2,2,4,13,15,16,19,20,26,30,37,41,57,62,67,69,83,87,95
1723,"Alphen-Chaam",10149,0,0,0,0,0,0,0,0,0,0,0,0,0,0,0,0,1,1,2,3,6,6,6,7,9,14,15,16,19,19,21
1724,"Bergeijk",18491,0,0,0,0,0,0,0,0,0,0,0,0,0,1,1,1,1,1,1,1,1,1,1,1,1,3,5,10,11,13,14
1728,"Bladel",20175,0,0,0,0,0,0,0,0,0,0,0,0,0,0,0,0,1,1,1,1,2,3,6,7,11,12,14,15,15,15,18
1729,"Gulpen-Wittem",14246,0,0,0,0,0,0,0,0,0,0,0,0,0,0,0,0,0,1,2,2,2,2,2,2,2,2,4,5,5,7,8
1730,"Tynaarlo",33698,0,0,0,0,0,0,0,0,0,0,0,0,0,0,0,0,0,0,0,1,3,4,5,7,8,8,10,13,15,16,16
1731,"Midden-Drenthe",33178,0,0,0,0,0,0,0,0,0,0,0,0,0,0,0,0,0,0,0,0,0,1,1,1,1,1,1,1,2,2,4
1734,"Overbetuwe",47543,0,0,0,0,0,0,0,0,0,0,0,0,0,0,0,0,4,6,8,9,9,11,15,20,22,30,33,38,44,51,54
1735,"Hof van Twente",34940,0,0,0,0,0,0,0,0,0,0,0,0,0,0,0,0,0,1,1,1,3,3,3,4,5,5,5,6,8,14,17
1740,"Neder-Betuwe",24034,0,0,0,0,0,0,0,0,0,0,0,1,1,1,1,3,3,4,4,4,4,4,5,5,9,9,11,11,13,16,20
1742,"Rijssen-Holten",38300,0,0,0,0,0,0,0,0,0,0,0,0,0,0,0,0,0,0,0,0,0,0,2,3,4,4,4,9,13,13,17
1771,"Geldrop-Mierlo",39595,0,0,0,0,0,0,0,0,0,0,0,0,0,0,1,2,2,2,3,3,3,4,4,6,6,8,9,15,16,20,22
1773,"Olst-Wijhe",18071,0,0,0,0,0,0,0,0,0,0,0,0,0,0,0,0,0,0,0,0,0,0,0,2,2,2,4,6,6,6,6
1774,"Dinkelland",26350,0,0,0,0,0,0,0,0,0,2,2,2,2,2,1,3,4,4,5,5,6,8,9,13,14,15,17,20,25,28,30
1783,"Westland",108603,0,0,0,0,0,0,0,0,0,0,0,0,0,0,0,0,0,1,1,3,6,7,9,11,15,21,25,28,30,38,45
1842,"Midden-Delfland",19391,0,0,0,0,0,0,0,0,0,0,0,0,0,0,0,0,0,0,0,0,0,1,2,2,2,2,2,2,2,3,4
1859,"Berkelland",43904,0,0,0,0,0,0,0,0,0,0,0,0,0,0,0,0,0,0,0,0,0,1,1,1,1,2,2,2,2,2,2
1876,"Bronckhorst",36212,0,0,0,0,0,0,0,0,1,1,2,2,2,2,2,2,2,2,2,2,2,3,5,6,6,6,7,7,8,8,9
1883,"Sittard-Geleen",92661,0,0,0,0,0,0,1,3,4,4,7,8,13,20,20,23,35,37,38,42,51,51,58,58,59,61,84,86,94,98,102
1884,"Kaag en Braassem",26866,0,0,0,0,0,0,0,0,0,0,0,0,0,0,0,0,0,0,0,0,0,1,1,1,2,2,4,5,5,5,6
1891,"Dantumadiel",18923,0,0,0,0,0,0,0,0,0,0,0,0,0,0,0,0,0,0,0,0,0,0,0,0,0,0,0,0,1,1,1
1892,"Zuidplas",42762,0,0,0,0,0,0,0,0,0,0,0,0,0,0,0,0,0,0,0,0,0,0,0,1,3,3,3,6,10,11,15
1894,"Peel en Maas",43311,0,0,0,0,0,0,0,0,0,0,0,1,1,3,4,8,10,14,19,31,36,41,49,63,64,69,79,88,96,107,119
1895,"Oldambt",38129,0,0,0,0,0,0,0,0,0,0,0,0,0,0,0,0,0,0,0,0,0,0,0,0,0,0,0,0,0,0,2
1896,"Zwartewaterland",22503,0,0,0,0,0,0,0,0,0,0,0,0,0,0,0,2,2,2,2,4,4,5,9,15,17,19,22,30,33,36,38
1900,"Súdwest-Fryslân",89710,0,0,0,0,0,0,0,0,0,0,0,0,0,0,0,1,1,1,1,1,2,2,2,4,5,5,6,8,12,15,19
1901,"Bodegraven-Reeuwijk",34462,0,0,0,0,0,0,0,0,0,0,0,0,0,0,1,1,1,1,1,1,1,1,1,3,5,5,5,5,8,9,10
1903,"Eijsden-Margraten",25658,0,0,0,0,0,0,0,0,0,0,0,0,0,0,0,0,1,3,4,4,4,4,6,6,6,7,15,20,26,32,43
1904,"Stichtse Vecht",64336,0,0,0,0,0,0,0,2,3,4,5,5,5,5,5,6,6,7,7,8,9,10,10,10,12,13,16,22,27,30,31
1911,"Hollands Kroon",47815,0,0,0,0,0,0,0,0,0,0,0,0,0,0,0,0,0,0,0,0,1,3,3,6,7,8,10,10,14,17,18
1916,"Leidschendam-Voorburg",75425,0,0,0,0,0,0,0,0,0,1,1,1,2,2,2,3,3,3,4,5,6,6,7,9,10,10,13,14,17,18,21
1924,"Goeree-Overflakkee",49611,0,0,0,0,0,0,0,0,0,0,0,0,0,0,0,1,1,2,4,5,7,8,14,16,25,36,43,44,56,77,92
1926,"Pijnacker-Nootdorp",54331,0,0,0,0,0,0,0,2,2,2,2,2,4,5,7,6,6,7,8,10,11,11,11,11,11,12,14,16,20,23,24
1930,"Nissewaard",84797,0,0,0,0,0,0,0,0,0,0,0,0,0,1,1,1,1,1,1,3,4,7,11,12,15,15,17,19,23,28,37
1931,"Krimpenerwaard",56048,0,0,0,0,0,0,0,0,0,0,1,1,1,3,3,3,3,4,4,4,4,5,7,9,11,11,12,16,19,24,30
1940,"De Fryske Marren",51430,0,0,0,0,0,0,0,0,0,0,0,0,0,0,1,2,2,3,3,3,5,5,6,8,8,8,8,9,12,12,17
1942,"Gooise Meren",57715,0,0,0,0,0,0,1,1,2,2,2,2,2,4,3,3,4,4,4,9,9,10,10,11,11,11,12,18,20,24,25
1945,"Berg en Dal",34798,0,0,0,0,0,0,0,0,0,0,0,0,1,3,3,5,6,6,10,14,14,18,20,25,30,33,35,37,43,44,53
1948,"Meierijstad",80815,0,0,0,0,0,0,0,0,0,1,4,10,11,13,18,25,30,34,42,49,60,72,81,95,119,127,139,149,168,195,207
1949,"Waadhoeke",46039,0,0,0,0,0,0,0,0,0,0,0,0,0,0,0,0,0,0,0,0,0,0,0,0,0,0,0,0,2,3,3
1950,"Westerwolde",25199,0,0,0,0,0,0,0,0,0,0,0,0,0,0,0,0,0,0,0,0,0,0,0,0,0,0,0,3,3,3,3
1952,"Midden-Groningen",60899,0,0,0,0,0,0,0,0,0,0,0,0,0,0,0,0,0,1,1,1,2,2,2,2,2,2,2,2,5,5,6
1954,"Beekdaelen",35727,0,0,0,0,0,0,0,1,1,2,2,4,5,8,8,8,9,12,13,15,18,18,19,19,19,20,29,30,32,34,37
1955,"Montferland",36026,0,0,0,0,0,0,0,0,0,0,0,0,0,0,0,0,0,0,0,0,1,1,1,1,2,3,3,3,4,5,6
1959,"Altena",55386,0,0,0,1,1,4,3,4,4,4,4,4,4,4,5,8,9,10,12,12,15,19,19,22,23,25,28,35,35,39,41
1960,"West Betuwe",50697,0,0,0,0,0,0,0,1,1,2,2,2,2,2,2,3,3,3,3,6,6,8,11,12,12,15,17,19,22,24,34
1961,"Vijfheerenlanden",55712,0,0,0,0,0,0,0,0,0,1,1,1,1,1,1,2,2,2,3,4,4,7,7,9,11,12,18,21,24,24,27
1963,"Hoeksche Waard",86656,0,0,0,0,0,0,1,1,1,2,2,2,2,2,1,1,1,2,4,6,8,12,17,17,21,23,31,36,43,51,55
1966,"Het Hogeland",47888,0,0,0,0,0,0,0,0,0,0,0,0,0,0,0,0,0,0,0,0,0,0,0,0,0,1,1,4,6,7,7
1969,"Westerkwartier",63031,0,0,0,0,0,0,0,0,0,0,0,0,0,0,0,0,0,1,1,1,1,3,2,3,6,8,8,9,12,15,16
1970,"Noardeast-Fryslân",45181,0,0,0,0,0,0,0,0,0,0,0,0,0,0,0,0,0,0,0,0,0,1,1,1,1,2,3,3,3,4,4
1978,"Molenlanden",43858,0,0,0,0,0,0,0,0,0,0,0,0,0,0,0,0,0,1,2,3,7,9,11,11,11,11,13,16,16,17,18
-1,"Onbekend",0,0,0,0,0,0,0,0,0,0,0,0,0,0,0,0,22,29,29,65,68,81,86,111,137,155,184,200,213,237,265,279